Workbook

Sheet Registre
A1: TRUCK STOP SANTÉ × ENTREPRISE — REGISTRE DES PERSONNES COUVERTES
A2: JAUNE = rempli par l'entreprise (ajouts et retraits) · BLEU PÂLE = rempli par la clinique (invitations, panels) · Règle : aucun nom au registre payé = aucune invitation Spruce · La ligne 4 est un EXEMPLE — la supprimer avant usage réel
A3: # | B3: Statut | C3: Type | D3: Membre principal (si Famille) | E3: Prénom | F3: Nom | G3: Courriel | H3: Cellulaire (texto) | I3: No employé | J3: Date d'ajout | K3: Date de retrait | L3: Fin de grâce (auto) | M3: Invité Spruce | N3: Date d'invitation | O3: Panel (médecin) | P3: Notes
A4: 1 | B4: Actif | C4: Membre | E4: Jean | F4: Tremblay | G4: jean.tremblay@exemple.com | H4: 514 555-0199 | I4: ENTREPRISE-00123 | J4: 2026-09-15 | L4: =IF($K4="","",$K4+90) | M4: Oui | N4: 2026-09-16 | O4: Dr Font | P4: EXEMPLE — supprimer cette ligne
L5: =IF($K5="","",$K5+90) | P5: Astuce : sélectionnez la ligne 5 au complet et glissez vers le bas pour étendre couleurs et formule « Fin de grâce ».
L6: =IF($K6="","",$K6+90)
L7: =IF($K7="","",$K7+90)
L8: =IF($K8="","",$K8+90)
L9: =IF($K9="","",$K9+90)
L10: =IF($K10="","",$K10+90)
L11: =IF($K11="","",$K11+90)
L12: =IF($K12="","",$K12+90)
L13: =IF($K13="","",$K13+90)
L14: =IF($K14="","",$K14+90)
L15: =IF($K15="","",$K15+90)
L16: =IF($K16="","",$K16+90)
L17: =IF($K17="","",$K17+90)
... L63: =IF($K63="","",$K63+90)

Sheet Facturation
A1: FACTURATION MENSUELLE — LA CLINIQUE FACTURE L'ENTREPRISE (les membres ne paient jamais la clinique)
A3: Tarif mensuel par personne couverte | B3: 8 | C3: ← Hypothèse fournie par Dr Font (tarif fixe de l'entente d'entreprise). Modifier seulement si l'entente change.
A5: Personnes ACTIVES (facturables), en direct : | B5: =COUNTIF(Registre!B4:B503,"Actif") -> 1
A6: Personnes en GRÂCE 90 jours (non facturées) : | B6: =COUNTIF(Registre!B4:B503,"Grâce 90 jours") -> 0
A7: Personnes RETIRÉES : | B7: =COUNTIF(Registre!B4:B503,"Retiré") -> 0
A8: Invitations Spruce À FAIRE (actifs non invités) : | B8: =COUNTIFS(Registre!B4:B503,"Actif",Registre!M4:M503,"Non") -> 0
A9: MONTANT DU MOIS EN COURS : | B9: =B5*B3 -> 8
A11: HISTORIQUE (chaque mois : recopier les chiffres du haut en VALEURS au moment d'envoyer la facture Stripe)
A12: Mois (aaaa-mm) | B12: Personnes actives | C12: Montant facturé | D12: Facture envoyée le | E12: Payée le | F12: Notes
A13: 2026-09 | B13: 152 | C13: =B13*Facturation!$B$3 -> 1216 | D13: 2026-09-01 | E13: 2026-09-04 | F13: EXEMPLE — supprimer

Sheet Instructions
A1: MODE D'EMPLOI — REGISTRE TRUCK STOP SANTÉ × ENTREPRISE
A3: CÔTÉ ENTREPRISE (colonnes JAUNES de l'onglet Registre)
A4: 1. | B4: Ajouter une ligne par personne couverte — un membre OU un membre de sa famille (18 ans et plus). Chaque personne compte pour une place.
A5: 1b. | B5: OBLIGATOIRE pour l'invitation Spruce — pour CHAQUE personne (membre ET famille) : prénom + nom, CELLULAIRE pouvant recevoir des textos, et courriel. Sans ces trois informations, pas d'invitation possible.
A6: 2. | B6: Statut « Actif » dès que la personne est couverte par le paiement de l'entreprise.
A7: 3. | B7: Quand une personne cesse d'être couverte (départ, non-paiement des cotisations) : Statut « Grâce 90 jours » + inscrire la Date de retrait. La colonne « Fin de grâce » se calcule seule.
A8: 4. | B8: Ne jamais effacer une ligne — passer le statut à « Retiré » après la grâce.
A10: CÔTÉ CLINIQUE (colonnes BLEU PÂLE)
A11: 5. | B11: Règle d'or : aucun nom au registre payé = aucune invitation Spruce.
A12: 6. | B12: Chaque jour : onglet Facturation, case « Invitations à faire » → envoyer l'invitation Spruce + le courriel modèle (brouillon Gmail « MODÈLE — Bienvenue ») → marquer Invité = Oui + date.
A13: 7. | B13: À la Fin de grâce : désactiver la personne dans Spruce, passer le statut à « Retiré ».
A14: 8. | B14: Chaque début de mois : figer les chiffres dans l'HISTORIQUE (onglet Facturation) et envoyer la facture Stripe à l'entreprise (personnes actives × tarif).
A16: PARTAGE
A17: 9. | B17: Une fois converti en Google Sheet : Partager → cff@centremedicalfont.ca (Éditeur) + la personne-ressource de l'entreprise (Éditeur). Personne d'autre.
A18: 10. | B18: Les données de santé ne vont JAMAIS dans ce fichier — seulement l'identité et les coordonnées (Loi 25 : minimisation).

Sheet Accès gratuits
A1: BANQUE DE CONSULTATIONS GRATUITES - POUR QUI l'entreprise VEUT (pas besoin de payer, envoyez-les-nous)
A3: Personnes ACTIVES au registre (en direct) : | B3: =Facturation!B5 -> 1
A4: Règle : 5 consultations gratuites par mois par tranche de 100 personnes couvertes (1 000 = 50)
A5: CONSULTATIONS GRATUITES DISPONIBLES CE MOIS : | B5: =INT(B3/100)*5 -> 0
A6: Utilisées ce mois (compte automatique des lignes du mois courant) : | B6: =COUNTIFS(A10:A509,">="&DATE(YEAR(TODAY()),MONTH(TODAY()),1),A10:A509,"<"&DATE(YEAR(TODAY()),MONTH(TODAY())+1,1)) -> 1
A7: Restantes ce mois : | B7: =B5-B6 -> -1
A9: Date d'envoi | B9: Prénom | C9: Nom | D9: Cellulaire (texto) | E9: Courriel | F9: Envoyé par (ARPQ / entreprise) | G9: Invité Spruce le | H9: Notes (jamais de données de santé)
A10: 46280 | B10: Marc | C10: Exemple | D10: 514 555-0100 | E10: marc@exemple.com | F10: Steve B. | H10: EXEMPLE - supprimer cette ligne
